{"cameraMode":{"drawMode":0,"name":"Shaded","section":"Shading Mode"},"sceneLighting":false,"audioPlay":false,"sceneViewState":{"m_AlwaysRefresh":false,"showFog":true,"showSkybox":false,"showFlares":true,"showImageEffects":true,"showParticleSystems":true,"showVisualEffectGraphs":true,"m_FxEnabled":true},"in2DMode":false,"pivot":{"x":0.01553778350353241,"y":-0.0354267843067646,"z":0.02066253125667572},"rotation":{"x":0.2011072188615799,"y":-0.534489095211029,"z":0.13266415894031526,"w":0.8101404309272766},"size":0.12737031280994416,"orthographic":false}